timestamp,open,high,low,close,trades,volume,vwap,lastSize,turnover,homeNotional,foreignNotional
2021-09-01 00:00:00+00:00,46979.5,48292.5,46678,47139,172200,1551806200,47359.024,100,3.28E+12,32766.97185,1551806200
2021-09-02 00:00:00+00:00,47139,49118.5,46507,48849.5,171957,1627801000,47847.5768,500,3.40E+12,34020.67854,1627801000
2021-09-03 00:00:00+00:00,48849.5,50440.5,48623,49314,187711,1762725600,49680.0604,100,3.55E+12,35481.64382,1762725600
2021-09-04 00:00:00+00:00,49314,51123.5,48350,50026,203803,1970239700,49920.8754,1100,3.95E+12,39467.42388,1970239700
2021-09-05 00:00:00+00:00,50026,50588,49402,49949,121708,1036367200,50034.0231,100,2.07E+12,20713.27018,1036367200
2021-09-06 00:00:00+00:00,49949,51982.5,49496,51848.5,140852,1284632700,50538.9984,5000,2.54E+12,25418.68027,1284632700
2021-09-07 00:00:00+00:00,51848.5,52837,51043,52713.5,133995,1334573500,51805.9556,100,2.58E+12,25761.08598,1334573500
2021-09-08 00:00:00+00:00,52713.5,52999,42479.5,46861,408071,4696714300,48447.0304,600,9.69E+12,96945.50343,4696714300
2021-09-09 00:00:00+00:00,46861,47340,44465,46053.5,217441,1786649600,46032.4621,400,3.88E+12,38812.90709,1786649600
2021-09-10 00:00:00+00:00,46053.5,47381,45512,46376,152236,1204808500,46377.6719,200,2.60E+12,25978.30118,1204808500
2021-09-11 00:00:00+00:00,46376,47029.5,44132,44836,175440,1614230900,45683.169,10700,3.53E+12,35335.4955,1614230900
2021-09-12 00:00:00+00:00,44836,45964,44706,45157,112253,916593200,45322.0814,11000,2.02E+12,20224.06517,916593200
2021-09-13 00:00:00+00:00,45157,46500,44730.5,46025,112125,993983200,45640.2182,164900,2.18E+12,21778.71029,993983200
2021-09-14 00:00:00+00:00,46025,46985,43400,44974.5,224680,2200568800,44888.7432,400,4.90E+12,49022.88914,2200568800
2021-09-15 00:00:00+00:00,44974.5,47243,44698.5,47108.5,150533,1244721900,46110.3605,2200,2.70E+12,26994.5266,1244721900
2021-09-16 00:00:00+00:00,47108.5,48436,46676.5,48110.5,129890,1120661200,47592.3053,66500,2.35E+12,23547.12067,1120661200
2021-09-17 00:00:00+00:00,48110.5,48500,47044.5,47740,130267,1104154700,47802.9753,100,2.31E+12,23098.03638,1104154700
2021-09-18 00:00:00+00:00,47740,48150,46656,47277,125218,1027193700,47445.7576,100,2.17E+12,21649.9541,1027193700
2021-09-19 00:00:00+00:00,47277,48838.5,47031.5,48266,105338,852342800,48257.6573,40000,1.77E+12,17662.39628,852342800
2021-09-20 00:00:00+00:00,48266,48339,46820,47221.5,110464,880183200,47584.6054,11300,1.85E+12,18497.24139,880183200
2021-09-21 00:00:00+00:00,47221.5,47335,42311,43005.5,280149,2431567500,44318.9725,100,5.49E+12,54865.24359,2431567500
2021-09-22 00:00:00+00:00,43005.5,43617.5,39500,40712,310049,2855913400,42012.9232,400,6.80E+12,67977.27309,2855913400
2021-09-23 00:00:00+00:00,40712,44016.5,40536.5,43542.5,174115,1304517100,42582.7276,1400,3.06E+12,30635.00004,1304517100
2021-09-24 00:00:00+00:00,43542.5,44994,43086,44860,142752,1153319900,44096.7659,3300,2.62E+12,26154.29914,1153319900
2021-09-25 00:00:00+00:00,44860,45146,40575.5,42839.5,264138,2454451700,42552.8293,100,5.77E+12,57680.27615,2454451700
2021-09-26 00:00:00+00:00,42839.5,42990,41652.5,42674,133479,894027700,42545.9496,6100,2.10E+12,21013.25474,894027700
2021-09-27 00:00:00+00:00,42674,43953.5,40801,43166,163122,1406080700,42497.8539,200,3.31E+12,33086.00409,1406080700
2021-09-28 00:00:00+00:00,43166,44400,42052,42119,140653,1126071200,43431.8077,300,2.59E+12,25927.45051,1126071200
2021-09-29 00:00:00+00:00,42119,42765.5,40830.5,40983,172019,1279389300,41845.5564,200,3.06E+12,30574.09963,1279389300
2021-09-30 00:00:00+00:00,40983,42590,40705,41490.5,157728,1171004500,41754.1765,100,2.80E+12,28045.22304,1171004500
2021-10-01 00:00:00+00:00,41490.5,44119,41379,43801.5,174602,1456638500,43212.7841,7000,3.37E+12,33708.56983,1456638500
2021-10-02 00:00:00+00:00,43801.5,48471.5,43251,48150,195352,1756881700,46344.7867,100,3.79E+12,37909.07459,1756881700
2021-10-03 00:00:00+00:00,48150,48340.5,47444,47660,87874,571812000,47850.5532,200,1.20E+12,11949.99308,571812000
2021-10-04 00:00:00+00:00,47660,49283,47113,48215.5,109336,750915700,48181.6255,38600,1.56E+12,15585.12581,750915700
2021-10-05 00:00:00+00:00,48215.5,49490,46922.5,49222,167675,1374474000,48228.3322,600,2.85E+12,28499.40585,1374474000
2021-10-06 00:00:00+00:00,49222,51946.5,49053.5,51500,164971,1348951600,50379.8642,700,2.68E+12,26775.71465,1348951600
2021-10-07 00:00:00+00:00,51500,55830,50424,55337.5,199520,1846667700,53039.9868,200,3.48E+12,34816.55285,1846667700
2021-10-08 00:00:00+00:00,55337.5,55338,53410,53817.5,136792,1190088200,54319.1904,2500,2.19E+12,21909.21219,1190088200
2021-10-09 00:00:00+00:00,53817.5,56297.5,53610,53976.5,146664,1282897200,54737.2339,100,2.34E+12,23437.42453,1282897200
2021-10-10 00:00:00+00:00,53976.5,55550,53682,54974.5,95957,712278800,54803.5293,100,1.30E+12,12996.95236,712278800
2021-10-11 00:00:00+00:00,54974.5,56645,54074,54718.5,147184,1237832400,55236.4118,100,2.24E+12,22409.83959,1237832400
2021-10-12 00:00:00+00:00,54718.5,57890,54469.5,57504.5,165493,1410009600,56661.0761,3200,2.49E+12,24884.98087,1410009600
2021-10-13 00:00:00+00:00,57504.5,57737,53887.5,56030.5,191115,1793930800,56243.6023,100,3.19E+12,31895.77805,1793930800
2021-10-14 00:00:00+00:00,56030.5,57865,54265,57419.5,187634,1494666400,55954.0729,100,2.67E+12,26712.38435,1494666400
2021-10-15 00:00:00+00:00,57419.5,58592,56783,57377,137534,1122332400,57642.2033,100,1.95E+12,19470.75479,1122332400
2021-10-16 00:00:00+00:00,57377,63100,56878,61676,249154,2245894500,60200.3468,16000,3.73E+12,37307.13844,2245894500
2021-10-17 00:00:00+00:00,61676,62406,60206,60922.5,137674,830928500,61299.6757,100,1.36E+12,13555.26808,830928500
2021-10-18 00:00:00+00:00,60922.5,61765,58933,61553,252842,1042168600,60638.0334,500,1.72E+12,17186.76954,1042168600
2021-10-19 00:00:00+00:00,61553,62787.5,59860,62027.5,185768,1509691900,61609.3597,1500,2.45E+12,24504.31332,1509691900
2021-10-20 00:00:00+00:00,62027.5,64510,61250,64316,195272,1654570400,62819.5947,1200,2.63E+12,26338.51599,1654570400
2021-10-21 00:00:00+00:00,64316,67128.5,63522.5,66059.5,178226,1618199100,65441.5999,100,2.47E+12,24727.44883,1618199100
2021-10-22 00:00:00+00:00,66059.5,66689.5,61550,62218,319573,2790162900,64289.2502,33100,4.34E+12,43400.26181,2790162900
2021-10-23 00:00:00+00:00,62218,63723.5,60044,60715.5,173275,1614482000,61912.2209,200,2.61E+12,26077.02313,1614482000
2021-10-24 00:00:00+00:00,60715.5,61788,59625,61335,103331,796789500,61013.5572,100,1.31E+12,13059.23818,796789500
2021-10-25 00:00:00+00:00,61335,61550,59505,60901,121306,1040997600,60546.9814,200,1.72E+12,17193.22058,1040997600
2021-10-26 00:00:00+00:00,60901,63777,60682.5,63125.5,146847,1425567000,62703.3941,25200,2.27E+12,22735.16543,1425567000
2021-10-27 00:00:00+00:00,63125.5,63411,59803.5,60257,156847,1544593500,61984.7518,12000,2.49E+12,24919.00964,1544593500
2021-10-28 00:00:00+00:00,60257,62358,58000,58499.5,210623,2002767300,59346.4766,100,3.37E+12,33747.16043,2002767300
2021-10-29 00:00:00+00:00,58499.5,62636,57505,60633.5,223341,1955425800,60172.0922,1000,3.25E+12,32497.31882,1955425800
2021-10-30 00:00:00+00:00,60633.5,62998.5,60200,62322,173230,1573397900,61517.6402,4200,2.56E+12,25576.46515,1573397900
2021-10-31 00:00:00+00:00,62322,62412,60715,61925,101821,779242800,61619.9895,3600,1.26E+12,12645.97407,779242800
2021-11-01 00:00:00+00:00,61925,62491.5,60034,61344,125920,972657500,61041.4899,100,1.59E+12,15934.37062,972657500
2021-11-02 00:00:00+00:00,61344,62558,59521.5,60952.5,168479,1364569300,61248.6143,2200,2.23E+12,22279.28681,1364569300
2021-11-03 00:00:00+00:00,60952.5,64341.5,60656.5,63319.5,154369,1248284800,62807.3635,40000,1.99E+12,19874.87064,1248284800
2021-11-04 00:00:00+00:00,63319.5,63614.5,60014.5,62946,155437,1248250200,62555.1267,300,2.00E+12,19954.456,1248250200
2021-11-05 00:00:00+00:00,62946,63156,60679.5,61453,130262,960331200,61769.9563,2200,1.55E+12,15546.90098,960331200
2021-11-06 00:00:00+00:00,61453,62650,60782,61037,113373,862208600,61561.9498,5100,1.40E+12,14005.55012,862208600
2021-11-07 00:00:00+00:00,61037,61629,60125,61524.5,100885,778137900,60899.4854,100,1.28E+12,12777.45572,778137900
2021-11-08 00:00:00+00:00,61524.5,63375,61395,63352,104418,815080900,62268.4392,500,1.31E+12,13089.81565,815080900
2021-11-09 00:00:00+00:00,63352,67917,63352,67642,171394,1463077700,65805.4921,10000,2.22E+12,22233.38843,1463077700
2021-11-10 00:00:00+00:00,67642,68675,66289.5,66998.5,142469,1190911700,67545.6609,6000,1.76E+12,17631.24797,1190911700
2021-11-11 00:00:00+00:00,66998.5,69146.5,62834,64890,208813,2066411900,66378.143,9400,3.11E+12,31130.9447,2066411900
2021-11-12 00:00:00+00:00,64890,65640,64120,64803.5,113750,812111800,64911.4608,100,1.25E+12,12511.14469,812111800
2021-11-13 00:00:00+00:00,64803.5,65485,62277.5,64139.5,168818,1301990700,63859.8149,12500,2.04E+12,20388.31619,1301990700
2021-11-14 00:00:00+00:00,64139.5,65000,63381.5,64393.5,96251,570306800,64135.8654,300,8.89E+11,8892.196248,570306800
2021-11-15 00:00:00+00:00,64393.5,65559.5,63580,65559.5,102146,681765600,64484.5108,100,1.06E+12,10572.57435,681765600
2021-11-16 00:00:00+00:00,65559.5,66387,63404,63603.5,131210,955110700,64918.6245,100,1.47E+12,14712.47688,955110700
2021-11-17 00:00:00+00:00,63603.5,63603.5,58533,60100,253035,2142131300,60705.7652,100,3.53E+12,35287.17505,2142131300
2021-11-18 00:00:00+00:00,60100,60890,58388,60360,182652,1258905400,59764.6468,100,2.11E+12,21064.49931,1258905400
2021-11-19 00:00:00+00:00,60360,60988,56460,56903.5,238995,1765707300,58457.6533,100,3.02E+12,30204.91777,1765707300
2021-11-20 00:00:00+00:00,56903.5,58338,55655,58076.5,149294,1000498100,57104.0264,100,1.75E+12,17520.65232,1000498100
2021-11-21 00:00:00+00:00,58076.5,59862.5,57415.5,59739.5,100995,664355500,58642.0839,300,1.13E+12,11329.04428,664355500
2021-11-22 00:00:00+00:00,59739.5,60050,58505.5,58650,96987,654914600,59140.8024,5500,1.11E+12,11073.84527,654914600
2021-11-23 00:00:00+00:00,58650,59576.5,55560,56271,190326,1419633600,57386.5038,5000,2.47E+12,24738.23295,1419633600
2021-11-24 00:00:00+00:00,56271,57885.5,55335.5,57546,148559,1181629700,56829.1602,300,2.08E+12,20792.68183,1181629700
2021-11-25 00:00:00+00:00,57546,57755.5,55888,57175.5,128847,863038900,56727.611,2800,1.52E+12,15213.80152,863038900
2021-11-26 00:00:00+00:00,57175.5,59448.5,57055,58976,123113,887460300,58264.5326,4700,1.52E+12,15231.65751,887460300
2021-11-27 00:00:00+00:00,58976,59186.5,53511,53782,224847,1783383500,55385.7061,18000,3.22E+12,32199.35585,1783383500
2021-11-28 00:00:00+00:00,53782,55284,53647.5,54750.5,105063,569449500,54661.237,1200,1.04E+12,10417.8393,569449500
2021-11-29 00:00:00+00:00,54750.5,57480.5,53315.5,57343,138787,907317800,54926.9472,100,1.65E+12,16518.65407,907317800
2021-11-30 00:00:00+00:00,57343,58919,56737.5,57842.5,120916,873341400,57670.7921,500,1.51E+12,15143.6294,873341400
2021-12-01 00:00:00+00:00,57842.5,59282,55925,56968.5,196459,1345916000,57430.9967,19900,2.34E+12,23435.395,1345916000
2021-12-02 00:00:00+00:00,56968.5,59124,56497,57202,163719,1114520300,57568.2039,100,1.94E+12,19360.10342,1114520300
2021-12-03 00:00:00+00:00,57202,57412,55811,56508,148740,1000391600,56623.2178,200,1.77E+12,17667.5492,1000391600
2021-12-04 00:00:00+00:00,56508,57699,51554.5,53633,214702,1889433700,54838.0905,300,3.45E+12,34454.94017,1889433700
2021-12-05 00:00:00+00:00,53633,53856.5,41498.5,49205,359562,2805872600,48160.5093,100,5.83E+12,58261.09969,2805872600
2021-12-06 00:00:00+00:00,49205,49765,47800.5,49434,146375,801774900,48993.43,100,1.64E+12,16364.9484,801774900
2021-12-07 00:00:00+00:00,49434,50935,47156.5,50467,198924,1285109700,48747.197,5100,2.64E+12,26362.84439,1285109700
2021-12-08 00:00:00+00:00,50467,51973.5,50058,50618.5,134393,785385400,51017.5449,1000,1.54E+12,15394.45251,785385400
2021-12-09 00:00:00+00:00,50618.5,51232.5,48639,50493.5,125003,784151500,50112.5026,100,1.56E+12,15647.83974,784151500
2021-12-10 00:00:00+00:00,50493.5,50839.5,47350,47567,162758,920742500,48889.9536,200,1.88E+12,18833.00371,920742500
2021-12-11 00:00:00+00:00,47567,50100,46909,47161,194801,1019266500,48324.3531,100,2.11E+12,21092.26033,1019266500
2021-12-12 00:00:00+00:00,47161,49496,46767.5,49391,158766,703781800,48381.6343,100,1.45E+12,14546.5309,703781800
2021-12-13 00:00:00+00:00,49391,50785,48631.5,50066.5,106613,577168000,49683.516,100,1.16E+12,11616.90746,577168000
2021-12-14 00:00:00+00:00,50066.5,50191,45707,46689.5,206758,1179530000,47741.8123,200,2.47E+12,24706.54318,1179530000
2021-12-15 00:00:00+00:00,46689.5,48666,46280.5,48356.5,174142,891591600,47227.5091,100,1.89E+12,18878.66381,891591600
2021-12-16 00:00:00+00:00,48356.5,49514.5,46532,48880,200110,1179756100,48111.619,15000,2.45E+12,24521.27483,1179756100
2021-12-17 00:00:00+00:00,48880,49437,47475,47630,126256,693052200,48505.5442,4500,1.43E+12,14288.141,693052200
2021-12-18 00:00:00+00:00,47630,47988.5,45422.5,46152,174793,1051363900,46730.2822,1400,2.25E+12,22498.6558,1051363900
2021-12-19 00:00:00+00:00,46152,47345.5,45485.5,46829,101794,537933800,46563.3891,200,1.16E+12,11552.76675,537933800
2021-12-20 00:00:00+00:00,46829,48270.5,46408,46650.5,125719,759820400,47288.9259,12200,1.61E+12,16067.65381,759820400
2021-12-21 00:00:00+00:00,46650.5,47532,45561,46892,153504,923172900,46444.6612,100,1.99E+12,19876.84628,923172900
2021-12-22 00:00:00+00:00,46892,49299,46657,48879,129251,841803900,48420.5226,100,1.74E+12,17385.34491,841803900
2021-12-23 00:00:00+00:00,48879,49665.5,48451,48574.5,101988,561561700,48963.6836,100,1.15E+12,11468.96161,561561700
2021-12-24 00:00:00+00:00,48574.5,51368.5,48002,50815.5,133780,848398800,49289.492,100,1.72E+12,17212.62869,848398800
2021-12-25 00:00:00+00:00,50815.5,51874,50404.5,50800,109604,746250000,51049.5794,100,1.46E+12,14618.19606,746250000
2021-12-26 00:00:00+00:00,50800,51177,50005,50380,83739,506531400,50755.4956,200,9.98E+11,9979.879329,506531400
2021-12-27 00:00:00+00:00,50380,51314.5,49408.5,50775,96472,602764000,50178.6359,100,1.20E+12,12012.40841,602764000
2021-12-28 00:00:00+00:00,50775,52147,50436,50700,111023,725148600,51141.7393,8800,1.42E+12,14179.25243,725148600
2021-12-29 00:00:00+00:00,50700,50700,47242,47536,144632,1063412600,48878.0054,500,2.18E+12,21756.49218,1063412600
2021-12-30 00:00:00+00:00,47536,48105,46000,46415.5,127588,942432900,47270.5958,1500,1.99E+12,19936.99614,942432900
2021-12-31 00:00:00+00:00,46415.5,47882.5,45872.5,47111,106563,740468800,47051.9595,10000,1.57E+12,15737.281,740468800
2022-01-01 00:00:00+00:00,47111,48546,45500,46200,131058,1045402500,47217.0283,100,2.21E+12,22140.38799,1045402500
2022-01-02 00:00:00+00:00,46200,47925.5,46192.5,47728.5,81221,543638500,47154.0192,400,1.15E+12,11529.02332,543638500
2022-01-03 00:00:00+00:00,47728.5,47992,46647.5,47300,86679,539072000,47254.2895,2000,1.14E+12,11407.91593,539072000
2022-01-04 00:00:00+00:00,47300,47577,45668.5,46425,114851,760545500,46720.2392,100,1.63E+12,16278.72024,760545500
2022-01-05 00:00:00+00:00,46425,47535.5,45500,45796,125047,799086600,46469.4812,3800,1.72E+12,17195.95325,799086600
2022-01-06 00:00:00+00:00,45796,47067.5,42428,43395,212189,1753918300,45157.3281,17600,3.88E+12,38840.28481,1753918300
2022-01-07 00:00:00+00:00,43395,43750,42333,43072,122294,677677400,43028.3342,800,1.57E+12,15749.58109,677677400
2022-01-08 00:00:00+00:00,43072,43131.5,40551,41542.5,188774,1289970100,41803.9229,200,3.09E+12,30857.65126,1289970100
2022-01-09 00:00:00+00:00,41542.5,42289,40491.5,41659.5,118205,704883100,41521.5144,100,1.70E+12,16976.3797,704883100
2022-01-10 00:00:00+00:00,41659.5,42750,41189,41852.5,97195,582614300,41853.4376,100,1.39E+12,13920.39438,582614300
2022-01-11 00:00:00+00:00,41852.5,42227.5,39609,41800,179538,1184377100,41166.8327,900,2.88E+12,28770.28682,1184377100
2022-01-12 00:00:00+00:00,41800,43090.5,41251,42715,127134,761201700,42200.8592,100,1.80E+12,18037.63164,761201700
2022-01-13 00:00:00+00:00,42715,44666,42448.5,43898.5,118213,762495800,43383.5715,1200,1.76E+12,17575.69126,762495800
2022-01-14 00:00:00+00:00,43898.5,44403,42330.5,42554.5,125455,921101900,43309.1668,200,2.13E+12,21268.0772,921101900
2022-01-15 00:00:00+00:00,42554.5,43460,41751.5,43058.5,115028,729986800,42663.5721,6500,1.71E+12,17110.31545,729986800
2022-01-16 00:00:00+00:00,43058.5,43800,42571.5,43075,77237,500524900,43145.4779,200,1.16E+12,11600.9061,500524900
2022-01-17 00:00:00+00:00,43075,43478,42603.5,43065,79482,481471900,43071.3304,400,1.12E+12,11178.4973,481471900
2022-01-18 00:00:00+00:00,43065,43172,41550,42207.5,117776,615739200,42432.9347,1500,1.45E+12,14510.9144,615739200
2022-01-19 00:00:00+00:00,42207.5,42718.5,41250,42362.5,118224,604009300,41863.6,100,1.44E+12,14428.08109,604009300
2022-01-20 00:00:00+00:00,42362.5,42579,41111.5,41653,126437,800597500,41882.5362,100,1.91E+12,19115.35075,800597500
2022-01-21 00:00:00+00:00,41653,43503,40531.5,40650,140575,924430500,42168.1158,300,2.19E+12,21922.55203,924430500
2022-01-22 00:00:00+00:00,40650,41067,35394.5,36436.5,296082,2100109600,38136.9345,1000,5.51E+12,55067.65646,2100109600
2022-01-23 00:00:00+00:00,36436.5,36799.5,33973,35052,224175,1213128000,35317.4687,100,3.43E+12,34349.33677,1213128000
2022-01-24 00:00:00+00:00,35052,36513.5,34613,36252,146420,787106900,35495.6074,100,2.22E+12,22174.84623,787106900
2022-01-25 00:00:00+00:00,36252,37560,32898.5,36657.5,305426,1752304000,34635.1533,15000,5.06E+12,50593.31246,1752304000
2022-01-26 00:00:00+00:00,36657.5,37539,35717,36949,160122,895249700,36556.3882,100,2.45E+12,24489.60928,895249700
2022-01-27 00:00:00+00:00,36949,38906,36260,36819,212296,1077510300,37688.7736,200,2.86E+12,28589.73091,1077510300
2022-01-28 00:00:00+00:00,36819,37246.5,35514,37163.5,166745,821052200,36360.3309,100,2.26E+12,22581.01494,821052200
2022-01-29 00:00:00+00:00,37163.5,38002,36166,37710,135192,615703100,36994.4249,200,1.66E+12,16643.1619,615703100
2022-01-30 00:00:00+00:00,37710,38745,37281.5,38174,99913,577571500,37897.1623,10000,1.52E+12,15240.50454,577571500
2022-01-31 00:00:00+00:00,38174,38368.5,37342.5,37893.5,82612,459399600,37909.3739,100,1.21E+12,12118.3979,459399600
2022-02-01 00:00:00+00:00,37893.5,38745,36629.5,38473,126090,722617500,37583.5294,100,1.92E+12,19226.97648,722617500
2022-02-02 00:00:00+00:00,38473,39330.5,38000,38687,138419,884188200,38615.7042,7000,2.29E+12,22897.12668,884188200
2022-02-03 00:00:00+00:00,38687,38865,36602.5,36904.5,127009,746883200,37840.231,100,1.97E+12,19737.87348,746883200
2022-02-04 00:00:00+00:00,36904.5,37379,36222.5,37310,120043,593239500,36746.3327,200,1.61E+12,16144.20576,593239500
2022-02-05 00:00:00+00:00,37310,41737,37025,41585.5,178341,1127249600,39020.4311,6700,2.89E+12,28888.79718,1127249600
2022-02-06 00:00:00+00:00,41585.5,41949.5,40955,41387,101231,601055700,41513.0683,43600,1.45E+12,14478.72792,601055700
2022-02-07 00:00:00+00:00,41387,42693,41133,42375.5,86600,569456200,41689.9436,100,1.37E+12,13659.37493,569456200
2022-02-08 00:00:00+00:00,42375.5,44550,41623.5,43845.5,157711,931253100,43163.7287,100,2.16E+12,21574.9459,931253100
2022-02-09 00:00:00+00:00,43845.5,45530,42690,44045,174289,1229701300,43910.3,100,2.80E+12,28004.93767,1229701300
2022-02-10 00:00:00+00:00,44045,44829.5,43116.5,44403,129493,788580400,43944.4542,8000,1.79E+12,17944.97437,788580400
2022-02-11 00:00:00+00:00,44403,45853.5,43200,43491.5,197829,1287302000,44427.2659,700,2.90E+12,28975.56123,1287302000
2022-02-12 00:00:00+00:00,43491.5,43930.5,41934.5,42378,168073,989645700,43042.7802,5400,2.30E+12,22992.18422,989645700
2022-02-13 00:00:00+00:00,42378,43002,41655,42200.5,102007,531980800,42280.974,1000,1.26E+12,12582.07029,531980800
2022-02-14 00:00:00+00:00,42200.5,42772.5,41850,42061.5,86543,520665300,42342.0219,7300,1.23E+12,12296.68751,520665300
2022-02-15 00:00:00+00:00,42061.5,42891,41516,42535.5,156019,719497200,42257.9255,6100,1.70E+12,17026.38356,719497200
2022-02-16 00:00:00+00:00,42535.5,44765,42438,44560,119662,691393000,43920.5214,100,1.57E+12,15741.95663,691393000
2022-02-17 00:00:00+00:00,44560,44562.5,43320,43878.5,104593,659130900,43939.4339,200,1.50E+12,15000.91844,659130900
2022-02-18 00:00:00+00:00,43878.5,44160,40066,40516,163669,1178660200,42299.2162,4900,2.79E+12,27864.83008,1178660200
2022-02-19 00:00:00+00:00,40516,40960,39441,39988,137552,804704000,40274.9977,100,2.00E+12,19980.2525,804704000
2022-02-20 00:00:00+00:00,39988,40450,39638,40083.5,67735,405770300,40020.4905,11600,1.01E+12,10139.07211,405770300
2022-02-21 00:00:00+00:00,40083.5,40120,37956.5,38386.5,123636,840769300,38682.6245,100,2.17E+12,21735.06401,840769300
2022-02-22 00:00:00+00:00,38386.5,39499,36800,37014,196855,1341356400,38290.5564,300,3.50E+12,35031.04088,1341356400
2022-02-23 00:00:00+00:00,37014,38435,36321,38240,152128,887993200,37416.8877,10600,2.37E+12,23732.43582,887993200
2022-02-24 00:00:00+00:00,38240,39270,37050,37262,137470,825792400,38278.098,1000,2.16E+12,21573.56297,825792400
2022-02-25 00:00:00+00:00,37262,40051.5,34348.5,38330,289926,1926224100,36115.6858,300,5.33E+12,53335.01302,1926224100
2022-02-26 00:00:00+00:00,38330,39677.5,37970,39207.5,145799,872453700,38905.5102,5000,2.24E+12,22424.95549,872453700
2022-02-27 00:00:00+00:00,39207.5,40291,38583.5,39115,95912,535537500,39315.285,200,1.36E+12,13621.66012,535537500
2022-02-28 00:00:00+00:00,39115,39879,36965,37693,133063,898544700,38516.0535,3400,2.33E+12,23329.1581,898544700
2022-03-01 00:00:00+00:00,37693,44584,37434.5,43176.5,202509,1368628000,40241.6106,1000,3.40E+12,34010.2878,1368628000
2022-03-02 00:00:00+00:00,43176.5,44971,42861,44427,153994,1009734100,43751.9962,600,2.31E+12,23078.64481,1009734100
2022-03-03 00:00:00+00:00,44427,45356.5,43300,43909,155175,1139678100,44197.3322,3900,2.58E+12,25786.23995,1139678100
2022-03-04 00:00:00+00:00,43909,44088,41820,42439.5,136021,1004227200,42994.8492,12600,2.34E+12,23356.92691,1004227200
2022-03-05 00:00:00+00:00,42439.5,42508,38500,39128.5,161593,1137405600,40687.2897,13500,2.80E+12,27954.91979,1137405600
2022-03-06 00:00:00+00:00,39128.5,39578,38549.5,39375.5,86257,481970100,39136.4924,100,1.23E+12,12315.14965,481970100
2022-03-07 00:00:00+00:00,39375.5,39693,38075,38400.5,131687,889739400,38904.4507,600,2.29E+12,22869.93149,889739400
2022-03-08 00:00:00+00:00,38400.5,39545,37135.5,37967,162194,1194820500,38270.9198,200,3.12E+12,31220.18107,1194820500
2022-03-09 00:00:00+00:00,37967,39381,37857,38723.5,156917,1087892900,38651.675,3700,2.81E+12,28146.07806,1087892900
2022-03-10 00:00:00+00:00,38723.5,42596.5,38641.5,41954.5,167006,1079137900,41338.542,200,2.61E+12,26104.90732,1079137900
2022-03-11 00:00:00+00:00,41954.5,42037,38420,39418,181394,1351599500,39651.8567,6500,3.41E+12,34086.74353,1351599500
2022-03-12 00:00:00+00:00,39418,40245.5,38239,38714.5,141479,979194400,39062.3474,1700,2.51E+12,25067.53432,979194400
2022-03-13 00:00:00+00:00,38714.5,39480,38645.5,38794,63987,377767900,39060.8216,1400,9.67E+11,9671.287247,377767900
2022-03-14 00:00:00+00:00,38794,39306.5,37548,37749,86755,607095300,38664.2282,500,1.57E+12,15701.73152,607095300
2022-03-15 00:00:00+00:00,37749,39916.5,37527.5,39662,130604,721078400,38782.9898,4700,1.86E+12,18592.66871,721078400
2022-03-16 00:00:00+00:00,39662,39892,38112,39280.5,123566,677379000,38973.8953,37500,1.74E+12,17380.37867,677379000
2022-03-17 00:00:00+00:00,39280.5,41790,38752,41115.5,206525,1212441800,40233.5153,5400,3.01E+12,30135.13338,1212441800
2022-03-18 00:00:00+00:00,41115.5,41472,40450,40914,94276,519838500,40887.5878,100,1.27E+12,12713.89706,519838500
2022-03-19 00:00:00+00:00,40914,42352,40160,41768.5,123860,691900400,40968.4952,100,1.69E+12,16888.61574,691900400
2022-03-20 00:00:00+00:00,41768.5,42429,41509.5,42222,79447,463051600,41884.6413,10100,1.11E+12,11055.41565,463051600
2022-03-21 00:00:00+00:00,42222,42293.5,40902,41268,109367,703329300,41521.6868,1400,1.69E+12,16938.88881,703329300
2022-03-22 00:00:00+00:00,41268,41541,40421.5,40983,156661,1161427500,41026.8192,3300,2.83E+12,28309.0211,1161427500
2022-03-23 00:00:00+00:00,40983,43420.5,40867.5,42354,158197,1139088700,42406.6629,2700,2.69E+12,26861.12428,1139088700
2022-03-24 00:00:00+00:00,42354,43024,41691.5,42892,139425,918961000,42229.1947,200,2.18E+12,21761.29354,918961000
2022-03-25 00:00:00+00:00,42892,44240,42270,43991,149981,1057549400,43366.0747,1000,2.44E+12,24386.57609,1057549400
2022-03-26 00:00:00+00:00,43991,45110,43590,44298.5,151728,923049300,44324.4729,500,2.08E+12,20824.90076,923049300
2022-03-27 00:00:00+00:00,44298.5,44799.5,44060,44526.5,102774,476254000,44398.6645,5500,1.07E+12,10726.79119,476254000
2022-03-28 00:00:00+00:00,44526.5,46966,44435,46816,147788,721266600,45334.2038,600,1.59E+12,15910.03564,721266600
2022-03-29 00:00:00+00:00,46816,48178.5,46666.5,47130,143886,889697000,47336.3818,3000,1.88E+12,18795.21148,889697000
2022-03-30 00:00:00+00:00,47130,48120.5,46955,47444,127889,939962900,47553.3787,1000,1.98E+12,19766.49841,939962900
2022-03-31 00:00:00+00:00,47444,47701,46528,47050.5,134685,879573200,47196.0808,300,1.86E+12,18636.58488,879573200
2022-04-01 00:00:00+00:00,47050.5,47604.5,45188.5,45504,136414,941261200,46604.8376,32600,2.02E+12,20196.72057,941261200
2022-04-02 00:00:00+00:00,45504,46720,44178,46269.5,149703,1140415500,45319.6166,5000,2.52E+12,25163.88651,1140415500
2022-04-03 00:00:00+00:00,46269.5,47222.5,45610.5,45814,99016,663368100,46439.916,10000,1.43E+12,14284.46984,663368100
2022-04-04 00:00:00+00:00,45814,47458,45542,46406,110700,750019800,46411.0347,500,1.62E+12,16160.41951,750019800
2022-04-05 00:00:00+00:00,46406,46900,45119,46605,127866,823856000,46014.6695,100,1.79E+12,17904.27202,823856000
2022-04-06 00:00:00+00:00,46605,47227.5,45362,45498,125853,785301200,46258.8181,500,1.70E+12,16976.28884,785301200
2022-04-07 00:00:00+00:00,45498,45498.5,43111.5,43167.5,165646,935902100,44440.0992,500,2.11E+12,21059.94639,935902100
2022-04-08 00:00:00+00:00,43167.5,43896,42668,43420,115938,546187700,43393.3608,200,1.26E+12,12586.89838,546187700
2022-04-09 00:00:00+00:00,43420,43977,42077.5,42247,154806,868570000,43238.5688,600,2.01E+12,20087.91804,868570000
2022-04-10 00:00:00+00:00,42247,42790.5,42085,42744.5,90003,422082900,42417.4556,100,9.95E+11,9950.722651,422082900
2022-04-11 00:00:00+00:00,42744.5,43400,41860.5,42150,102923,683558200,42655.3829,2600,1.60E+12,16025.1442,683558200
2022-04-12 00:00:00+00:00,42150,42392,39180,39509.5,206057,1258020500,40961.2793,4700,3.07E+12,30712.45883,1258020500
2022-04-13 00:00:00+00:00,39509.5,40705,39254.5,40075.5,167196,908986500,39980.4895,1200,2.27E+12,22735.83952,908986500
2022-04-14 00:00:00+00:00,40075.5,41532.5,39584,41120,144583,744860200,40500.4232,5200,1.84E+12,18391.42132,744860200
2022-04-15 00:00:00+00:00,41120,41497.5,39550,39929,103721,621954900,40612.6005,6800,1.53E+12,15314.37806,621954900
2022-04-16 00:00:00+00:00,39929,40861.5,39750,40530.5,84332,369508600,40253.7597,300,9.18E+11,9179.516213,369508600
2022-04-17 00:00:00+00:00,40530.5,40700,39946,40366.5,68994,343249800,40379.731,2500,8.50E+11,8500.565615,343249800
2022-04-18 00:00:00+00:00,40366.5,40575,39526.5,39661.5,85525,423384600,40222.0256,41500,1.05E+12,10526.20151,423384600
2022-04-19 00:00:00+00:00,39661.5,41133,38376.5,40793.5,144904,835687200,39695.7716,2800,2.11E+12,21052.32382,835687200
2022-04-20 00:00:00+00:00,40793.5,41783.5,40502,41470,85410,450867800,41059.6679,30000,1.10E+12,10980.80166,450867800
2022-04-21 00:00:00+00:00,41470,42205.5,40860,41356,98745,623091200,41514.9641,100,1.50E+12,15008.89345,623091200
2022-04-22 00:00:00+00:00,41356,42984,39721.5,40453.5,119811,739860700,41697.4185,2000,1.77E+12,17743.56144,739860700
2022-04-23 00:00:00+00:00,40453.5,40810,39129,39678,97900,428905400,40048.2181,5800,1.07E+12,10709.72697,428905400
2022-04-24 00:00:00+00:00,39678,40039,39280,39437.5,63464,297015500,39657.3604,300,7.49E+11,7489.556085,297015500
2022-04-25 00:00:00+00:00,39437.5,39935.5,38887.5,39445,94784,493912100,39577.001,100,1.25E+12,12479.78354,493912100
2022-04-26 00:00:00+00:00,39445,40690,38161,40416.5,150998,811178100,39179.7331,200,2.07E+12,20704.03038,811178100
2022-04-27 00:00:00+00:00,40416.5,40814,37651,38085.5,140180,817837800,39163.3149,100,2.09E+12,20882.7962,817837800
2022-04-28 00:00:00+00:00,38085.5,39455.5,37857,39219,114313,731989700,38850.9445,3300,1.88E+12,18840.9767,731989700
2022-04-29 00:00:00+00:00,39219,40373,38883.5,39733.5,123264,728854200,39624.5181,100,1.84E+12,18394.0919,728854200
2022-04-30 00:00:00+00:00,39733.5,39909.5,38165.5,38568,98846,511851400,38974.8067,3800,1.31E+12,13132.92572,511851400
2022-05-01 00:00:00+00:00,38568,38768,37553,37620,67883,322171600,38349.293,400,8.40E+11,8401.010369,322171600
2022-05-02 00:00:00+00:00,37620,38700,37379,38457.5,92646,443567200,38085.9524,1300,1.16E+12,11646.50641,443567200
2022-05-03 00:00:00+00:00,38457.5,39150,38037.5,38500.5,109522,596538100,38680.9786,100,1.54E+12,15422.00522,596538100
2022-05-04 00:00:00+00:00,38500.5,38633.5,37491.5,37715,92475,458253100,38160.802,9800,1.20E+12,12008.51262,458253100
2022-05-05 00:00:00+00:00,37715,40040.5,37663.5,39692,116309,688377200,38913.2313,9000,1.77E+12,17690.07451,688377200
2022-05-06 00:00:00+00:00,39692,39822.5,35485,36515.5,158870,1152138900,37329.1724,3500,3.09E+12,30864.3826,1152138900
2022-05-07 00:00:00+00:00,36515.5,36632,35220,36002,133924,629866100,36008.7861,100,1.75E+12,17492.05517,629866100
2022-05-08 00:00:00+00:00,36002,36099,34696.5,35443.5,73966,358045500,35661.176,400,1.00E+12,10040.21804,358045500
2022-05-09 00:00:00+00:00,35443.5,35471.5,33607.5,34013.5,135567,702297700,34440.3613,10000,2.04E+12,20391.75768,702297700
2022-05-10 00:00:00+00:00,34013.5,34215,30021,30066,274693,1761504200,31993.9595,2100,5.51E+12,55057.44762,1761504200
2022-05-11 00:00:00+00:00,30066,32636,29718.5,30991.5,220048,1176515400,31292.8321,200,3.76E+12,37597.06492,1176515400
2022-05-12 00:00:00+00:00,30991.5,32133.5,27655,28954,344368,1878828800,30336.9525,900,6.19E+12,61932.1877,1878828800
2022-05-13 00:00:00+00:00,28954,30124,25302.5,28929.5,300347,1351009000,28081.684,100,4.81E+12,48110.04158,1351009000
2022-05-14 00:00:00+00:00,28929.5,30983,28668,29226.5,162303,675636400,30109.9616,6000,2.24E+12,22438.99498,675636400
2022-05-15 00:00:00+00:00,29226.5,30295,28578,30033,113228,504858700,29389.8952,100,1.72E+12,17177.98073,504858700
2022-05-16 00:00:00+00:00,30033,31416,29440,31273.5,89544,418586600,30176.6541,100,1.39E+12,13871.22641,418586600
2022-05-17 00:00:00+00:00,31273.5,31276,29051,29822,145199,747451300,29841.8383,36600,2.50E+12,25047.15454,747451300
2022-05-18 00:00:00+00:00,29822,30739.5,29346,30400.5,117713,609220300,30176.6541,2000,2.02E+12,20188.46639,609220300
2022-05-19 00:00:00+00:00,30400.5,30675,28588.5,28650.5,116366,679961600,29394.2146,100,2.31E+12,23132.54211,679961600
2022-05-20 00:00:00+00:00,28650.5,30495,28639.5,30292.5,116034,581143500,29665.4919,1500,1.96E+12,19589.89879,581143500
2022-05-21 00:00:00+00:00,30292.5,30784.5,28657,29173,119061,672501700,29563.4076,200,2.27E+12,22747.83319,672501700
2022-05-22 00:00:00+00:00,29173,29613,28913,29400.5,57342,314652800,29309.3544,100,1.07E+12,10735.58067,314652800
2022-05-23 00:00:00+00:00,29400.5,30460,29220,30268.5,74492,400415300,29870.8088,100,1.34E+12,13404.93913,400415300
2022-05-24 00:00:00+00:00,30268.5,30632.5,28819.5,29058,119783,648131500,29876.4311,100,2.17E+12,21693.76156,648131500
2022-05-25 00:00:00+00:00,29058,29830,28606,29620,98926,577348400,29238.9966,1000,1.97E+12,19745.84116,577348400
2022-05-26 00:00:00+00:00,29620,30194,29297.5,29510,96397,480177200,29716.8872,2800,1.62E+12,16158.4213,480177200
2022-05-27 00:00:00+00:00,29510,29847.5,27977,29172.5,134845,824038400,29061.8261,1500,2.84E+12,28354.73936,824038400
2022-05-28 00:00:00+00:00,29172.5,29354.5,28230.5,28580,123439,629985300,28817.4472,3400,2.19E+12,21861.30067,629985300
2022-05-29 00:00:00+00:00,28580,29220,28488.5,28990,51282,218075000,28851.7023,100,7.56E+11,7558.48028,218075000
2022-05-30 00:00:00+00:00,28990,29550.5,28800,29430,56936,266404000,29151.6293,17500,9.14E+11,9138.58608,266404000
2022-05-31 00:00:00+00:00,29430,32173.5,29272,31702,129759,785382000,30710.55,5600,2.56E+12,25573.72127,785382000
2022-06-01 00:00:00+00:00,31702,32372.5,31185,31756,108081,628204700,31695.1183,4900,1.98E+12,19820.27906,628204700
2022-06-02 00:00:00+00:00,31756,31958,29283.5,29782,128601,829586800,30634.6269,7600,2.71E+12,27080.06325,829586800
2022-06-03 00:00:00+00:00,29782,30734.5,29558,30422.5,93497,490755000,30005.521,27000,1.64E+12,16355.50835,490755000
2022-06-04 00:00:00+00:00,30422.5,30674.5,29236.5,29664.5,91657,536259400,29841.9273,2700,1.80E+12,17970.00019,536259400
2022-06-05 00:00:00+00:00,29664.5,29968.5,29435,29833,54908,383765000,29667.9562,4200,1.29E+12,12935.37373,383765000
2022-06-06 00:00:00+00:00,29833,30154.5,29498,29870.5,68408,511447600,29812.0351,200,1.72E+12,17155.78043,511447600
2022-06-07 00:00:00+00:00,29870.5,31737.5,29850,31333,112193,666760700,31193.0726,100,2.14E+12,21375.33969,666760700
2022-06-08 00:00:00+00:00,31333,31548.5,29166.5,31110,160894,988898200,30292.3821,23200,3.26E+12,32645.12827,988898200
2022-06-09 00:00:00+00:00,31110,31285,29812.5,30175,84797,483844500,30406.9668,6500,1.59E+12,15912.32288,483844500
2022-06-10 00:00:00+00:00,30175,30675,29909,30061.5,71837,386918300,30231.6653,100,1.28E+12,12798.4475,386918300
2022-06-11 00:00:00+00:00,30061.5,30345,28800,29050,102883,622441800,29531.3667,100,2.11E+12,21077.36356,622441800
2022-06-12 00:00:00+00:00,29050,29399.5,28085,28375,104476,712230600,28649.6011,400,2.49E+12,24860.07523,712230600
2022-06-13 00:00:00+00:00,28375,28490,26500,26530,118072,743610200,27475.4713,4600,2.71E+12,27064.54886,743610200
2022-06-14 00:00:00+00:00,26530,26900,21870,22429.5,297637,1890047300,24062.003,7800,7.85E+12,78549.1244,1890047300
2022-06-15 00:00:00+00:00,22429.5,23350,20780.5,22097,220146,1258990500,22046.633,500,5.71E+12,57105.90667,1258990500
2022-06-16 00:00:00+00:00,22097,22877,20014.5,22539.5,259224,1428767700,21086.9923,100,6.78E+12,67755.94044,1428767700
2022-06-17 00:00:00+00:00,22539.5,22949.5,20189,20355.5,134904,638516700,21328.9197,2100,2.99E+12,29936.70579,638516700
2022-06-18 00:00:00+00:00,20355.5,21349,20195,20424,114515,583559700,20715.2135,6000,2.82E+12,28170.59696,583559700
2022-06-19 00:00:00+00:00,20424,20734.5,17568.5,18951.5,187928,1135597600,18870.3456,4100,6.02E+12,60179.03164,1135597600
2022-06-20 00:00:00+00:00,18951.5,20771,17886,20535.5,180339,891236800,19266.1151,2700,4.63E+12,46259.34553,891236800
2022-06-21 00:00:00+00:00,20535.5,21049,19600,20539.5,141172,545908100,20354.4939,100,2.68E+12,26820.05395,545908100
2022-06-22 00:00:00+00:00,20539.5,21693.5,20318,20691.5,131227,515548300,21031.6442,100,2.45E+12,24513.01589,515548300
2022-06-23 00:00:00+00:00,20691.5,20872,19736.5,19965.5,136645,598570900,20294.8847,1000,2.95E+12,29493.71115,598570900
2022-06-24 00:00:00+00:00,19965.5,21208,19866,21078.5,108885,413994400,20540.1231,1000,2.02E+12,20155.40818,413994400
2022-06-25 00:00:00+00:00,21078.5,21535,20700,21209,96785,395344100,21081.7466,500,1.88E+12,18752.93594,395344100
2022-06-26 00:00:00+00:00,21209,21594.5,20890,21473.5,75141,259914100,21250.9138,100,1.22E+12,12230.74534,259914100
2022-06-27 00:00:00+00:00,21473.5,21871,20951,21031.5,74916,304478200,21370.1241,4700,1.42E+12,14247.868,304478200
2022-06-28 00:00:00+00:00,21031.5,21511,20456,20713.5,92358,404810700,20949.2525,4300,1.93E+12,19323.43389,404810700
2022-06-29 00:00:00+00:00,20713.5,21180,20166,20250,95107,382650800,20674.9546,20000,1.85E+12,18507.95916,382650800
2022-06-30 00:00:00+00:00,20250,20418,19797.5,20081.5,95625,384543700,20100.7853,300,1.91E+12,19130.81179,384543700
2022-07-01 00:00:00+00:00,20081.5,20133.5,18558,19924,126041,628788900,19229.9187,100,3.27E+12,32698.52597,628788900
2022-07-02 00:00:00+00:00,19924,20885.5,18932,19256,134771,591767100,19630.5145,100,3.01E+12,30145.28602,591767100
2022-07-03 00:00:00+00:00,19256,19432.5,18930.5,19215.5,56514,232154700,19207.9782,3900,1.21E+12,12086.37522,232154700
2022-07-04 00:00:00+00:00,19215.5,19640,18751.5,19281.5,73744,367221600,19158.8866,500,1.92E+12,19167.17996,367221600
2022-07-05 00:00:00+00:00,19281.5,20310.5,19017,20201,101719,491375400,19564.303,4400,2.51E+12,25115.93044,491375400
2022-07-06 00:00:00+00:00,20201,20734,19265.5,20146,131005,731142900,19942.7245,100,3.67E+12,36662.19373,731142900
2022-07-07 00:00:00+00:00,20146,20650,19735.5,20541.5,101131,491020700,20141.7983,5000,2.44E+12,24378.21091,491020700
2022-07-08 00:00:00+00:00,20541.5,21831,20218.5,21604,96342,457371700,20893.2709,800,2.19E+12,21890.90383,457371700
2022-07-09 00:00:00+00:00,21604,22488.5,21162.5,21574.5,117328,565984000,21722.8855,1000,2.61E+12,26054.7619,565984000
2022-07-10 00:00:00+00:00,21574.5,21942,21300,21577,70133,319562500,21598.9252,10000,1.48E+12,14795.322,319562500
2022-07-11 00:00:00+00:00,21577,21583.5,20627,20835.5,76181,358502400,21080.4578,1900,1.70E+12,17006.39634,358502400
2022-07-12 00:00:00+00:00,20835.5,20836,19860,19944.5,90281,460903500,20411.9541,4100,2.26E+12,22580.11806,460903500
2022-07-13 00:00:00+00:00,19944.5,20023.5,19212,19302,94230,463694400,19687.3646,100,2.36E+12,23552.91256,463694400
2022-07-14 00:00:00+00:00,19302,20325,18855,20214.5,131265,749052500,19595.2407,100,3.82E+12,38226.27064,749052500
2022-07-15 00:00:00+00:00,20214.5,20869,19585,20571.5,96814,505038700,20180.3314,3000,2.50E+12,25026.30039,505038700
2022-07-16 00:00:00+00:00,20571.5,21184,20363.5,20818,97077,442162800,20793.5656,4200,2.13E+12,21264.44236,442162800
2022-07-17 00:00:00+00:00,20818,21583.5,20465,21182.5,80021,380700000,21003.1526,400,1.81E+12,18125.86427,380700000
2022-07-18 00:00:00+00:00,21182.5,21678.5,20710,20790,74172,351244600,21203.826,200,1.66E+12,16565.17493,351244600
2022-07-19 00:00:00+00:00,20790,22751,20750,22435,125353,640250700,21937.5701,100,2.92E+12,29185.13348,640250700
2022-07-20 00:00:00+00:00,22435,23800,21575.5,23391.5,156986,820901700,22660.6812,2100,3.62E+12,36225.87902,820901700
2022-07-21 00:00:00+00:00,23391.5,24271.5,22912.5,23219.5,123402,682191300,23594.3657,100,2.89E+12,28913.36229,682191300
2022-07-22 00:00:00+00:00,23219.5,23418.5,22340,23150,101077,531409600,22878.1646,2800,2.32E+12,23227.83815,531409600
2022-07-23 00:00:00+00:00,23150,23750,22490,22679.5,101527,469292100,23139.4708,50000,2.03E+12,20281.04298,469292100
2022-07-24 00:00:00+00:00,22679.5,22986,21945,22442,81387,419423900,22441.9035,100,1.87E+12,18689.36084,419423900
2022-07-25 00:00:00+00:00,22442,23000,22261.5,22580,74164,361068600,22651.955,30300,1.59E+12,15939.84968,361068600
2022-07-26 00:00:00+00:00,22580,22653.5,21234,21280,100727,539913400,21921.4598,200,2.46E+12,24629.45841,539913400
2022-07-27 00:00:00+00:00,21280,21334.5,20720,21238.5,86172,447001900,21021.7407,2000,2.13E+12,21263.82751,447001900
2022-07-28 00:00:00+00:00,21238.5,23114,21007.5,22949,111317,600093600,21910.4127,1600,2.74E+12,27388.56289,600093600
2022-07-29 00:00:00+00:00,22949,24190,22590.5,23841.5,133232,698169400,23297.3157,4800,3.00E+12,29967.85426,698169400
2022-07-30 00:00:00+00:00,23841.5,24444,23258,23769.5,118153,630897500,23853.0841,100,2.64E+12,26449.33855,630897500
2022-07-31 00:00:00+00:00,23769.5,24684,23081,23644,91213,512903400,24033.9552,100,2.13E+12,21340.7995,512903400
2022-08-01 00:00:00+00:00,23644,24191,23226.5,23299,70401,356673400,23699.4905,100,1.50E+12,15049.86949,356673400
2022-08-02 00:00:00+00:00,23299,23498.5,22838.5,23264,89236,445578500,23184.2662,800,1.92E+12,19219.03139,445578500
2022-08-03 00:00:00+00:00,23264,23461,22651,22978,103172,483740000,22958.5804,1200,2.11E+12,21070.16332,483740000
2022-08-04 00:00:00+00:00,22978,23653.5,22690.5,22812.5,92174,415833800,23169.2257,2900,1.79E+12,17947.69852,415833800
2022-08-05 00:00:00+00:00,22812.5,23213.5,22371.5,22603,97534,502826700,22807.7738,1000,2.20E+12,22046.31356,502826700
2022-08-06 00:00:00+00:00,22603,23463,22570.5,23302.5,101443,527101500,23076.355,3000,2.28E+12,22841.65254,527101500
2022-08-07 00:00:00+00:00,23302.5,23347,22905,22953.5,42651,212847700,23164.9857,100,9.19E+11,9188.342579,212847700
2022-08-08 00:00:00+00:00,22953.5,23401.5,22835,23168.5,44211,235344200,23057.8383,100,1.02E+12,10206.70362,235344200
2022-08-09 00:00:00+00:00,23168.5,24235,23150,23804.5,85723,420842900,23915.6638,100,1.76E+12,17596.98524,420842900
2022-08-10 00:00:00+00:00,23804.5,23915,22861,23134.5,85361,408634000,23343.4333,4200,1.75E+12,17505.33959,408634000
2022-08-11 00:00:00+00:00,23134.5,24228,22607.5,23952.5,113758,563159200,23526.3672,100,2.39E+12,23937.40971,563159200
2022-08-12 00:00:00+00:00,23952.5,24910,23853,23938,111602,498051000,24404.7677,3800,2.04E+12,20407.95217,498051000
2022-08-13 00:00:00+00:00,23938,24440,23558,24396,77910,342401800,23982.8858,6500,1.43E+12,14276.936,342401800
2022-08-14 00:00:00+00:00,24396,24898,24276,24444.5,67834,282161800,24538.0708,1400,1.15E+12,11498.95843,282161800
2022-08-15 00:00:00+00:00,24444.5,25000,24136,24298,77038,332731000,24568.9983,400,1.35E+12,13542.7222,332731000
2022-08-16 00:00:00+00:00,24298,25246.5,23756,24099.5,120128,583648400,24271.9036,100,2.40E+12,24046.30238,583648400
2022-08-17 00:00:00+00:00,24099.5,24236.5,23666,23842.5,88524,350314100,23926.1352,10000,1.46E+12,14641.49809,350314100
2022-08-18 00:00:00+00:00,23842.5,24434,23169,23323.5,105097,505067500,23702.4115,400,2.13E+12,21308.73274,505067500
2022-08-19 00:00:00+00:00,23323.5,23580,23100.5,23188.5,70785,327916400,23383.28,300,1.40E+12,14023.54562,327916400
2022-08-20 00:00:00+00:00,23188.5,23192,20776.5,20818.5,131491,765957700,21788.7235,3500,3.52E+12,35153.87853,765957700
2022-08-21 00:00:00+00:00,20818.5,21350,20758,21127,66200,332625600,21136.5995,1000,1.57E+12,15736.9596,332625600
2022-08-22 00:00:00+00:00,21127,21800,21061,21508,63751,322858400,21388.4985,2300,1.51E+12,15094.95624,322858400
2022-08-23 00:00:00+00:00,21508,21525,20859,21390.5,84334,425906800,21222.9063,300,2.01E+12,20068.29398,425906800
2022-08-24 00:00:00+00:00,21390.5,21680,20874,21506.5,78423,409881700,21361.9983,400,1.92E+12,19187.4346,409881700
2022-08-25 00:00:00+00:00,21506.5,21885,21137,21356,68962,343581200,21466.1372,200,1.60E+12,16005.75067,343581200
2022-08-26 00:00:00+00:00,21356,21810,21301.5,21552.5,60988,311078500,21588.8532,100,1.44E+12,14409.2493,311078500
2022-08-27 00:00:00+00:00,21552.5,21876,20100,20224.5,129002,698218600,21103.4576,3700,3.31E+12,33085.54926,698218600
2022-08-28 00:00:00+00:00,20224.5,20358.5,19751,20024.5,69083,334459000,20064.9704,3500,1.67E+12,16668.80262,334459000
2022-08-29 00:00:00+00:00,20024.5,20146.5,19517.5,19552.5,60628,331404200,19933.3429,800,1.66E+12,16625.63099,331404200
2022-08-30 00:00:00+00:00,19552.5,20497,19500,20286,82324,456076400,19996.0808,25000,2.28E+12,22808.33272,456076400
2022-08-31 00:00:00+00:00,20286,20584.5,19526.5,19803,107630,563444000,20048.8792,20000,2.81E+12,28103.52494,563444000
2022-09-01 00:00:00+00:00,19803,20477,19791,20032,99957,482308000,20169.6266,10000,2.39E+12,23912.61945,482308000
2022-09-02 00:00:00+00:00,20032,20193,19553,20125.5,97607,518485200,19943.1222,100,2.60E+12,25998.23874,518485200
2022-09-03 00:00:00+00:00,20125.5,20437,19745,19950,89966,426544700,20085.2821,10000,2.12E+12,21236.69039,426544700
2022-09-04 00:00:00+00:00,19950,20045,19593.5,19821.5,48721,245736500,19808.6485,500,1.24E+12,12405.52475,245736500
2022-09-05 00:00:00+00:00,19821.5,20017.5,19584.5,19988.5,61983,362813100,19799.0397,14400,1.83E+12,18324.79948,362813100
2022-09-06 00:00:00+00:00,19988.5,20055,19620.5,19782.5,72784,443451400,19775.2738,300,2.24E+12,22424.559,443451400
2022-09-07 00:00:00+00:00,19782.5,20178,18652.5,18775,131742,780869400,19561.7771,700,3.99E+12,39918.13502,780869400
2022-09-08 00:00:00+00:00,18775,19456.5,18514.5,19283.5,76275,351878400,18911.0274,300,1.86E+12,18607.07732,351878400
2022-09-09 00:00:00+00:00,19283.5,19450,19005,19307,77945,337231400,19226.776,100,1.75E+12,17539.69112,337231400
2022-09-10 00:00:00+00:00,19307,21620,19291,21363.5,131373,707972400,20709.808,6700,3.42E+12,34185.43777,707972400
2022-09-11 00:00:00+00:00,21363.5,21798.5,21125.5,21636,74501,380019700,21411.7173,700,1.77E+12,17748.23044,380019700
2022-09-12 00:00:00+00:00,21636,21864,21342.5,21822,63454,333156200,21598.7853,3400,1.54E+12,15424.76892,333156200
2022-09-13 00:00:00+00:00,21822,22479.5,21511.5,22395,110209,587429200,22099.1056,200,2.66E+12,26581.59451,587429200
2022-09-14 00:00:00+00:00,22395,22819,19850,20162.5,151475,875589800,21372.9559,4800,4.10E+12,40967.20823,875589800
2022-09-15 00:00:00+00:00,20162.5,20518,19602,20216,93395,481896200,20167.1453,5100,2.39E+12,23895.13047,481896200
2022-09-16 00:00:00+00:00,20216,20329,19480.5,19694.5,93006,398486400,19942.0484,2000,2.00E+12,19982.23356,398486400
2022-09-17 00:00:00+00:00,19694.5,19875.5,19317,19789.5,76250,360162200,19632.4029,100,1.83E+12,18345.31369,360162200
